{"mz_min": 87.00070000000001, "mz_max": 1045.5085489523324}